"Enh.Pos","Bound_TF_counts","Unbound_TF_counts","Exp_Bound_TF_counts","Exp_Unbound_TF_counts","Hit","Enh"
"chr1:112388505-112388800",0,64,0,24,FALSE,"Enh1"
"chr1:112390877-112391209",54,10,34,6,TRUE,"Enh2"
"chr1:113140645-113140815",3,11,3,11,FALSE,"Enh3"
"chr1:114346305-114346428",26,0,19,0,FALSE,"Enh4"
"chr1:114346542-114346835",24,0,16,0,FALSE,"Enh5"
"chr1:116139067-116139346",47,24,24,9,FALSE,"Enh6"
"chr1:116152071-116152365",57,0,35,0,FALSE,"Enh7"
"chr1:116168429-116168662",22,17,15,13,FALSE,"Enh8"
"chr1:116878057-116878640",33,103,23,43,FALSE,"Enh9"
"chr1:117128696-117128960",0,50,0,25,FALSE,"Enh10"
"chr1:150532626-150532816",10,5,6,4,FALSE,"Enh11"
"chr1:150979567-150979757",10,13,7,10,FALSE,"Enh12"
"chr1:151494712-151495132",0,124,0,88,FALSE,"Enh13"
"chr1:154999196-154999346",10,1,9,0,FALSE,"Enh14"
"chr1:155094391-155094678",0,35,0,24,FALSE,"Enh15"
"chr1:156505011-156505179",86,21,51,17,TRUE,"Enh16"
"chr1:156505282-156505616",74,21,48,15,FALSE,"Enh17"
"chr1:160101101-160101332",21,20,16,12,FALSE,"Enh18"
"chr1:160109047-160109207",0,44,0,29,FALSE,"Enh19"
"chr1:160376610-160376788",13,9,5,5,FALSE,"Enh20"
"chr1:165073490-165073675",0,42,0,16,FALSE,"Enh21"
"chr1:170563083-170563283",0,87,0,57,FALSE,"Enh22"
"chr1:17531728-17532439",19,110,13,64,FALSE,"Enh23"
"chr1:175885358-175885563",0,48,0,28,FALSE,"Enh24"
"chr1:183609325-183609585",33,33,25,9,FALSE,"Enh25"
"chr1:199083693-199083885",0,26,0,18,FALSE,"Enh26"
"chr1:202085966-202086296",0,71,0,44,TRUE,"Enh27"
"chr1:203327366-203327668",56,16,44,12,FALSE,"Enh28"
"chr1:203327856-203328068",32,11,17,5,FALSE,"Enh29"
"chr1:203408574-203408750",0,55,0,42,TRUE,"Enh30"
"chr1:203512788-203513193",100,1,72,0,TRUE,"Enh31"
"chr1:203514047-203514507",116,1,63,0,TRUE,"Enh32"
"chr1:203558319-203558787",86,0,52,0,TRUE,"Enh33"
"chr1:20493834-20494111",38,15,20,8,TRUE,"Enh34"
"chr1:20494451-20494574",42,15,22,11,TRUE,"Enh35"
"chr1:209875399-209875810",34,25,16,14,FALSE,"Enh36"
"chr1:209883156-209883798",45,74,36,33,TRUE,"Enh37"
"chr1:209884352-209884526",42,0,34,0,FALSE,"Enh38"
"chr1:210250747-210250961",1,54,1,35,FALSE,"Enh39"
"chr1:210251168-210251868",224,16,144,6,FALSE,"Enh40"
"chr1:210262151-210262290",17,8,10,0,FALSE,"Enh41"
"chr1:210262514-210263249",100,44,54,22,FALSE,"Enh42"
"chr1:22114408-22114710",0,74,0,27,FALSE,"Enh43"
"chr1:22114832-22115031",51,4,40,3,FALSE,"Enh44"
"chr1:226815022-226815458",20,55,15,31,FALSE,"Enh45"
"chr1:227542217-227542888",154,12,86,4,FALSE,"Enh46"
"chr1:228842145-228842529",0,101,0,70,FALSE,"Enh47"
"chr1:228902899-228903460",94,21,58,10,FALSE,"Enh48"
"chr1:229694177-229694606",0,88,0,49,FALSE,"Enh49"
"chr1:232629888-232630927",207,3,152,3,TRUE,"Enh50"
"chr1:232704665-232705115",70,61,48,42,FALSE,"Enh51"
"chr1:23544769-23545015",16,21,11,13,FALSE,"Enh52"
"chr1:23554524-23555279",248,0,153,0,TRUE,"Enh53"
"chr1:23562311-23562640",70,8,43,0,TRUE,"Enh54"
"chr1:24018763-24019212",79,9,54,7,FALSE,"Enh55"
"chr1:24289963-24290433",49,27,30,12,FALSE,"Enh56"
"chr1:244273127-244273283",0,15,0,11,FALSE,"Enh57"
"chr1:244273653-244274128",66,29,41,18,FALSE,"Enh58"
"chr1:244274330-244274550",36,35,28,28,FALSE,"Enh59"
"chr1:244299494-244299751",7,33,5,20,FALSE,"Enh60"
"chr1:244341793-244342128",0,108,0,79,FALSE,"Enh61"
"chr1:24724590-24724781",26,6,23,4,FALSE,"Enh62"
"chr1:24735881-24736216",0,119,0,57,FALSE,"Enh63"
"chr1:24848003-24848861",100,89,63,59,FALSE,"Enh64"
"chr1:25198731-25199225",19,47,7,24,FALSE,"Enh65"
"chr1:25922556-25922793",0,52,0,31,FALSE,"Enh66"
"chr1:26500089-26500492",61,11,42,6,TRUE,"Enh67"
"chr1:26500698-26501375",225,2,172,2,FALSE,"Enh68"
"chr1:26620135-26620672",190,28,126,17,FALSE,"Enh69"
"chr1:26620835-26621666",203,8,143,5,FALSE,"Enh70"
"chr1:27031564-27031940",107,1,72,1,FALSE,"Enh71"
"chr1:27071110-27071405",0,56,0,28,FALSE,"Enh72"
"chr1:3012590-3012766",0,67,0,44,FALSE,"Enh73"
"chr1:38029186-38029319",0,22,0,11,FALSE,"Enh74"
"chr1:41432501-41433328",199,15,143,10,FALSE,"Enh75"
"chr1:41496234-41496532",102,0,85,0,FALSE,"Enh76"
"chr1:42173443-42173621",0,58,0,29,FALSE,"Enh77"
"chr1:43294483-43294883",0,89,0,49,FALSE,"Enh78"
"chr1:47532990-47533522",0,175,0,89,FALSE,"Enh79"
"chr1:47710570-47710770",27,3,13,3,FALSE,"Enh80"
"chr1:48494128-48494736",53,45,26,27,FALSE,"Enh81"
"chr1:50977052-50977575",36,60,20,40,FALSE,"Enh84"
"chr1:50977713-50978140",81,43,59,23,FALSE,"Enh85"
"chr1:50978234-50978438",50,7,31,2,FALSE,"Enh86"
"chr1:52702976-52703214",31,0,22,0,FALSE,"Enh87"
"chr1:52703322-52703513",42,18,26,11,FALSE,"Enh88"
"chr1:54488156-54488608",129,14,92,13,FALSE,"Enh89"
"chr1:54489261-54489659",61,22,41,11,FALSE,"Enh90"
"chr1:54950074-54950569",0,89,0,59,FALSE,"Enh91"
"chr1:54950770-54951018",27,6,9,4,FALSE,"Enh92"
"chr1:58773469-58773744",40,1,22,1,FALSE,"Enh93"
"chr1:65687790-65687959",0,25,0,15,FALSE,"Enh94"
"chr1:84253923-84254253",73,8,54,3,FALSE,"Enh95"
"chr1:84599129-84599380",36,15,29,11,FALSE,"Enh96"
"chr1:84599560-84599751",70,20,43,13,FALSE,"Enh97"
"chr1:84619430-84619701",86,6,53,3,FALSE,"Enh98"
"chr1:84620675-84621215",82,17,57,9,FALSE,"Enh99"
"chr1:84753559-84753828",13,28,10,10,FALSE,"Enh100"
"chr1:84758887-84759393",0,102,0,59,FALSE,"Enh101"
"chr1:8890005-8890785",90,79,55,33,TRUE,"Enh102"
"chr1:8941893-8942282",47,34,34,20,FALSE,"Enh103"
"chr1:8986036-8986552",49,34,34,25,FALSE,"Enh104"
"chr1:8988164-8988276",0,13,0,10,FALSE,"Enh105"
"chr1:9388934-9389081",0,55,0,37,FALSE,"Enh106"
"chr1:9835821-9836322",51,72,40,50,FALSE,"Enh107"
"chr10:101291732-101291912",25,1,17,1,FALSE,"Enh108"
"chr10:101330910-101331154",0,64,0,29,FALSE,"Enh109"
"chr10:102669563-102669826",58,0,42,0,FALSE,"Enh110"
"chr10:102669917-102670021",30,0,18,0,FALSE,"Enh111"
"chr10:103241411-103241605",42,10,28,7,FALSE,"Enh112"
"chr10:109935050-109935442",18,50,9,27,FALSE,"Enh113"
"chr10:113788626-113789091",0,96,0,69,FALSE,"Enh114"
"chr10:113958652-113959032",68,13,46,5,FALSE,"Enh115"
"chr10:11684863-11685091",59,3,41,2,FALSE,"Enh116"
"chr10:11685218-11685641",46,22,29,12,FALSE,"Enh117"
"chr10:117174951-117175158",15,40,7,29,FALSE,"Enh118"
"chr10:117552303-117552589",0,36,0,29,FALSE,"Enh119"
"chr10:123301188-123301328",0,67,0,48,FALSE,"Enh120"
"chr10:12333661-12334194",110,62,74,36,FALSE,"Enh121"
"chr10:12845085-12845493",0,102,0,64,FALSE,"Enh122"
"chr10:130190165-130190720",106,18,67,7,FALSE,"Enh123"
"chr10:14498991-14499446",5,57,4,27,TRUE,"Enh124"
"chr10:22761639-22761884",0,87,0,57,FALSE,"Enh125"
"chr10:22805320-22805554",0,68,0,36,FALSE,"Enh126"
"chr10:22849470-22849753",0,40,0,22,FALSE,"Enh127"
"chr10:30583763-30584182",23,59,10,29,FALSE,"Enh128"
"chr10:30751982-30752143",0,42,0,22,FALSE,"Enh129"
"chr10:30783953-30784246",30,9,24,4,FALSE,"Enh130"
"chr10:30785207-30785546",41,51,27,33,FALSE,"Enh131"
"chr10:31749403-31749540",0,56,0,34,FALSE,"Enh132"
"chr10:31759156-31759303",18,8,12,3,FALSE,"Enh133"
"chr10:31759972-31760530",174,0,102,0,FALSE,"Enh134"
"chr10:43689713-43689811",20,0,12,0,FALSE,"Enh135"
"chr10:43690117-43690410",53,1,38,1,FALSE,"Enh136"
"chr10:43690643-43690760",12,0,5,0,FALSE,"Enh137"
"chr10:58952761-58952918",0,23,0,15,FALSE,"Enh138"
"chr10:58967574-58967837",0,84,0,54,FALSE,"Enh139"
"chr10:61897057-61897243",0,26,0,15,FALSE,"Enh140"
"chr10:61897759-61897906",0,35,0,14,FALSE,"Enh141"
"chr10:6383116-6383336",0,52,0,34,FALSE,"Enh142"
"chr10:6401610-6402128",64,19,50,7,FALSE,"Enh143"
"chr10:70458310-70458755",64,61,49,46,FALSE,"Enh144"
"chr10:70664183-70664334",0,24,0,8,FALSE,"Enh145"
"chr10:70664744-70665142",67,32,32,17,FALSE,"Enh146"
"chr10:71314403-71314529",0,13,0,11,FALSE,"Enh147"
"chr10:71860268-71860879",135,34,89,29,TRUE,"Enh148"
"chr10:71888617-71889313",32,166,22,100,FALSE,"Enh149"
"chr10:72017665-72018090",50,22,33,18,FALSE,"Enh150"
"chr10:72044429-72044576",0,19,0,13,FALSE,"Enh151"
"chr10:72255177-72255347",9,12,7,8,FALSE,"Enh152"
"chr10:72260609-72261015",67,141,49,104,FALSE,"Enh153"
"chr10:72297754-72298371",130,3,89,2,FALSE,"Enh154"
"chr10:72319625-72319909",99,13,74,9,FALSE,"Enh155"
"chr10:72320134-72320288",0,15,0,11,FALSE,"Enh156"
"chr10:72320765-72321149",104,25,67,15,FALSE,"Enh157"
"chr10:72325430-72325591",0,36,0,18,FALSE,"Enh158"
"chr10:72328413-72328566",42,2,21,2,FALSE,"Enh159"
"chr10:73879715-73879982",46,6,31,5,FALSE,"Enh160"
"chr10:73886145-73886364",26,0,19,0,FALSE,"Enh161"
"chr10:73887287-73887680",57,2,36,0,TRUE,"Enh162"
"chr10:73887824-73888044",69,0,47,0,TRUE,"Enh163"
"chr10:80388387-80388693",0,97,0,57,FALSE,"Enh164"
"chr10:80443727-80443923",0,54,0,36,FALSE,"Enh165"
"chr10:80444715-80444954",12,27,9,17,FALSE,"Enh166"
"chr10:90930189-90930778",91,3,47,3,TRUE,"Enh167"
"chr10:90931002-90931592",102,26,59,11,TRUE,"Enh168"
"chr10:91298343-91298851",35,77,19,48,FALSE,"Enh169"
"chr10:91340993-91341287",0,122,0,49,FALSE,"Enh170"
"chr10:91551901-91552137",5,12,3,4,FALSE,"Enh171"
"chr10:91590407-91590837",75,0,48,0,TRUE,"Enh172"
"chr10:91591050-91591214",38,0,25,0,TRUE,"Enh173"
"chr10:91608577-91608677",0,20,0,17,FALSE,"Enh174"
"chr10:91608895-91609084",18,12,10,6,FALSE,"Enh175"
"chr10:98309356-98309858",63,39,37,15,FALSE,"Enh176"
"chr11:10735680-10736085",97,1,57,1,TRUE,"Enh177"
"chr11:108967660-108967923",0,38,0,22,FALSE,"Enh178"
"chr11:108986105-108986292",0,53,0,31,FALSE,"Enh179"
"chr11:10931051-10931909",282,2,179,0,FALSE,"Enh180"
"chr11:10933838-10934079",40,1,14,1,FALSE,"Enh181"
"chr11:111230316-111230765",21,48,9,24,FALSE,"Enh182"
"chr11:112881469-112881747",15,12,12,7,FALSE,"Enh183"
"chr11:113896398-113896576",0,20,0,9,FALSE,"Enh184"
"chr11:114036145-114036777",39,103,31,64,FALSE,"Enh185"
"chr11:116563526-116563678",0,41,0,30,FALSE,"Enh186"
"chr11:116725966-116726285",0,52,0,34,FALSE,"Enh187"
"chr11:12075976-12076862",118,1,81,0,TRUE,"Enh188"
"chr11:121655582-121656352",172,14,107,7,FALSE,"Enh189"
"chr11:122628987-122629234",16,22,10,9,FALSE,"Enh190"
"chr11:124075824-124076090",40,15,26,10,FALSE,"Enh191"
"chr11:124076193-124076562",46,19,23,11,FALSE,"Enh192"
"chr11:124086632-124086768",0,11,0,7,FALSE,"Enh193"
"chr11:124717965-124718565",6,119,6,70,FALSE,"Enh194"
"chr11:128451672-128452129",55,40,40,23,FALSE,"Enh195"
"chr11:130601158-130601466",26,82,19,52,FALSE,"Enh196"
"chr11:130873067-130873277",0,66,0,34,FALSE,"Enh197"
"chr11:14381000-14381547",64,21,42,17,FALSE,"Enh198"
"chr11:18383383-18383530",21,0,14,0,TRUE,"Enh199"
"chr11:18383649-18384537",260,0,145,0,TRUE,"Enh200"
"chr11:35427216-35427547",0,24,0,13,FALSE,"Enh201"
"chr11:44032310-44032616",0,66,0,34,FALSE,"Enh202"
"chr11:44037369-44037661",35,22,17,14,FALSE,"Enh203"
"chr11:45089293-45089643",0,41,0,26,FALSE,"Enh204"
"chr11:46243224-46243594",99,26,64,17,FALSE,"Enh205"
"chr11:46392561-46392825",27,4,21,1,TRUE,"Enh206"
"chr11:46710841-46711253",77,11,35,7,FALSE,"Enh207"
"chr11:59537316-59538174",0,177,0,92,FALSE,"Enh208"
"chr11:61947472-61947989",7,75,7,43,FALSE,"Enh209"
"chr11:61971767-61972148",106,0,76,0,TRUE,"Enh210"
"chr11:61972742-61972961",0,43,0,25,TRUE,"Enh211"
"chr11:62400768-62401078",42,11,24,7,FALSE,"Enh212"
"chr11:62906051-62906254",26,6,13,2,TRUE,"Enh213"
"chr11:63024114-63024370",25,11,16,5,FALSE,"Enh214"
"chr11:63920351-63920462",0,26,0,20,FALSE,"Enh215"
"chr11:64181592-64181852",55,0,33,0,FALSE,"Enh216"
"chr11:65150414-65151113",147,3,87,3,FALSE,"Enh217"
"chr11:65416432-65416629",61,0,37,0,TRUE,"Enh218"
"chr11:65418681-65419290",193,0,123,0,TRUE,"Enh219"
"chr11:65420025-65420260",46,0,30,0,TRUE,"Enh220"
"chr11:65471436-65471692",25,0,20,0,FALSE,"Enh221"
"chr11:65471958-65472434",155,0,79,0,FALSE,"Enh222"
"chr11:65477155-65477947",203,19,142,14,FALSE,"Enh223"
"chr11:65479330-65479444",45,0,15,0,FALSE,"Enh224"
"chr11:65479552-65479758",25,0,18,0,TRUE,"Enh225"
"chr11:65481576-65481864",60,4,48,3,FALSE,"Enh226"
"chr11:65491764-65492418",126,0,79,0,FALSE,"Enh227"
"chr11:65492708-65492827",16,0,10,0,TRUE,"Enh228"
"chr11:65510854-65511079",25,0,19,0,FALSE,"Enh229"
"chr11:65817987-65818479",96,23,69,16,FALSE,"Enh230"
"chr11:73779184-73779313",32,0,27,0,FALSE,"Enh231"
"chr11:73779406-73779901",155,1,114,0,TRUE,"Enh232"
"chr11:74672501-74673617",168,42,116,28,FALSE,"Enh233"
"chr11:74682410-74682598",0,29,0,17,FALSE,"Enh234"
"chr11:75022975-75023204",29,9,18,2,FALSE,"Enh235"
"chr11:75554285-75554708",0,108,0,71,FALSE,"Enh236"
"chr11:75558065-75558432",108,4,77,4,TRUE,"Enh237"
"chr11:76234506-76234646",26,0,17,0,FALSE,"Enh238"
"chr11:76235273-76236029",90,0,52,0,FALSE,"Enh239"
"chr11:76236145-76236493",85,4,53,3,FALSE,"Enh240"
"chr11:92224427-92225175",102,50,72,35,TRUE,"Enh241"
"chr11:92226140-92226292",0,16,0,8,FALSE,"Enh242"
"chr11:92226681-92226827",0,27,0,17,FALSE,"Enh243"
"chr11:9364257-9364799",167,18,116,10,TRUE,"Enh244"
"chr11:95254362-95254623",59,2,41,0,FALSE,"Enh245"
"chr11:95339214-95339400",0,29,0,24,FALSE,"Enh246"
"chr11:9568877-9569189",46,2,15,1,TRUE,"Enh247"
"chr11:9613090-9613498",81,28,40,13,TRUE,"Enh248"
"chr11:9613627-9613834",42,0,29,0,TRUE,"Enh249"
"chr11:9614004-9614412",126,10,78,7,FALSE,"Enh250"
"chr12:105922726-105923179",53,44,30,24,FALSE,"Enh251"
"chr12:105934273-105934641",89,27,50,13,TRUE,"Enh252"
"chr12:110100293-110100527",6,51,5,19,FALSE,"Enh253"
"chr12:110224361-110224923",0,195,0,100,FALSE,"Enh254"
"chr12:110269655-110269859",63,13,49,7,FALSE,"Enh255"
"chr12:111636244-111636703",0,119,0,74,FALSE,"Enh256"
"chr12:112116617-112116857",20,35,13,18,TRUE,"Enh257"
"chr12:112117066-112117290",0,67,0,38,TRUE,"Enh258"
"chr12:120317314-120317901",178,52,127,36,TRUE,"Enh259"
"chr12:120584474-120584561",0,19,0,8,FALSE,"Enh260"
"chr12:120584657-120584808",0,29,0,22,FALSE,"Enh261"
"chr12:121129048-121129159",0,43,0,35,FALSE,"Enh262"
"chr12:122898881-122899062",1,20,0,11,FALSE,"Enh263"
"chr12:124655122-124655227",8,13,3,6,FALSE,"Enh264"
"chr12:124655382-124655511",23,0,16,0,FALSE,"Enh265"
"chr12:124655728-124656334",76,108,53,51,FALSE,"Enh266"
"chr12:124664061-124664340",0,45,0,33,FALSE,"Enh267"
"chr12:124675893-124676245",15,55,14,23,FALSE,"Enh268"
"chr12:124676369-124676548",47,16,33,11,FALSE,"Enh269"
"chr12:124685045-124685564",47,26,36,18,FALSE,"Enh270"
"chr12:124698204-124698667",16,27,10,17,FALSE,"Enh271"
"chr12:124701254-124701497",48,0,34,0,FALSE,"Enh272"
"chr12:124713439-124713967",0,97,0,60,FALSE,"Enh273"
"chr12:124720227-124721124",18,173,12,101,FALSE,"Enh274"
"chr12:124745920-124746295",107,27,72,17,FALSE,"Enh275"
"chr12:124752408-124752898",0,95,0,65,FALSE,"Enh276"
"chr12:124771908-124772083",0,31,0,19,FALSE,"Enh277"
"chr12:125183252-125183495",30,35,17,22,FALSE,"Enh278"
"chr12:26114013-26114832",267,1,191,1,FALSE,"Enh280"
"chr12:47651764-47651957",0,26,0,12,FALSE,"Enh281"
"chr12:48296587-48296901",45,12,35,6,FALSE,"Enh282"
"chr12:91381415-91381775",0,70,0,48,FALSE,"Enh283"
"chr12:91382118-91382316",7,19,4,8,FALSE,"Enh284"
"chr13:101424523-101424713",0,68,0,30,FALSE,"Enh285"
"chr13:106917666-106918350",92,38,59,17,FALSE,"Enh286"
"chr13:20118999-20119450",52,80,45,52,FALSE,"Enh287"
"chr13:21477073-21477307",0,26,0,21,FALSE,"Enh288"
"chr13:25085297-25085437",0,17,0,9,FALSE,"Enh289"
"chr13:27006538-27006705",13,14,2,10,FALSE,"Enh290"
"chr13:27022591-27023383",52,178,40,85,FALSE,"Enh291"
"chr13:27264215-27264458",0,37,0,16,FALSE,"Enh292"
"chr13:27289814-27290198",0,60,0,36,FALSE,"Enh293"
"chr13:30113003-30113214",0,32,0,23,FALSE,"Enh294"
"chr13:30115007-30115259",41,1,27,1,FALSE,"Enh295"
"chr13:30408325-30408722",71,68,53,46,FALSE,"Enh296"
"chr13:30673688-30674441",113,17,72,9,FALSE,"Enh297"
"chr13:30864627-30864862",61,2,46,0,FALSE,"Enh298"
"chr13:30865006-30865611",76,14,44,8,FALSE,"Enh299"
"chr13:30870064-30870927",172,0,119,0,FALSE,"Enh300"
"chr13:30873142-30873390",66,2,46,1,FALSE,"Enh301"
"chr13:30998537-30998850",10,10,1,6,FALSE,"Enh302"
"chr13:41546433-41546698",59,3,40,2,FALSE,"Enh303"
"chr13:44306374-44307058",79,62,54,12,TRUE,"Enh304"
"chr13:44331994-44332188",0,34,0,26,FALSE,"Enh305"
"chr13:44332370-44332765",0,77,0,34,FALSE,"Enh306"
"chr13:44906862-44907015",0,17,0,8,FALSE,"Enh307"
"chr13:44917589-44918699",205,0,134,0,TRUE,"Enh308"
"chr13:79936239-79937096",95,31,58,19,TRUE,"Enh309"
"chr13:80141245-80141466",16,3,11,3,FALSE,"Enh310"
"chr13:80469833-80470363",67,15,51,10,FALSE,"Enh311"
"chr13:97109933-97110196",39,24,25,14,FALSE,"Enh312"
"chr13:97115548-97115776",0,30,0,19,FALSE,"Enh313"
"chr13:97116879-97117064",0,45,0,31,FALSE,"Enh314"
"chr13:97125570-97125785",0,60,0,39,FALSE,"Enh315"
"chr14:100192817-100193285",170,0,106,0,FALSE,"Enh316"
"chr14:100617991-100618267",0,42,0,29,FALSE,"Enh317"
"chr14:102314246-102314450",61,0,45,0,FALSE,"Enh318"
"chr14:102516530-102517070",89,25,60,14,FALSE,"Enh319"
"chr14:102524534-102525007",119,0,79,0,FALSE,"Enh320"
"chr14:105087364-105087875",168,0,119,0,FALSE,"Enh321"
"chr14:105088260-105088551",112,0,85,0,TRUE,"Enh322"
"chr14:105202000-105202186",0,43,0,21,FALSE,"Enh323"
"chr14:23589054-23589335",25,36,10,25,FALSE,"Enh324"
"chr14:32254955-32255144",16,8,10,2,FALSE,"Enh325"
"chr14:35341631-35342135",144,0,84,0,FALSE,"Enh327"
"chr14:35342279-35342565",22,8,18,6,FALSE,"Enh328"
"chr14:35384472-35384761",55,1,31,1,FALSE,"Enh329"
"chr14:35385408-35385964",110,1,57,0,FALSE,"Enh330"
"chr14:53032205-53032413",0,27,0,15,FALSE,"Enh331"
"chr14:55102181-55102519",0,91,0,51,TRUE,"Enh332"
"chr14:55103223-55103547",84,3,61,3,TRUE,"Enh333"
"chr14:55107890-55108603",160,12,113,6,TRUE,"Enh334"
"chr14:65169409-65169727",0,62,0,52,FALSE,"Enh335"
"chr14:65170676-65171247",59,39,27,22,FALSE,"Enh336"
"chr14:65361923-65362381",0,110,0,54,FALSE,"Enh337"
"chr14:72608329-72609161",127,46,93,26,FALSE,"Enh338"
"chr14:72615600-72615811",0,79,0,57,FALSE,"Enh339"
"chr14:89040457-89041279",124,26,87,8,FALSE,"Enh340"
"chr14:89041402-89041511",0,12,0,5,FALSE,"Enh341"
"chr14:90513677-90513964",0,86,0,49,FALSE,"Enh342"
"chr14:95483264-95483613",110,15,81,6,TRUE,"Enh343"
"chr14:95488792-95489101",0,28,0,12,FALSE,"Enh344"
"chr14:95499064-95499223",0,24,0,19,FALSE,"Enh345"
"chr14:95501072-95501423",44,40,34,24,TRUE,"Enh346"
"chr14:96145552-96145868",0,58,0,38,FALSE,"Enh347"
"chr14:96146133-96146448",0,58,0,36,FALSE,"Enh348"
"chr15:101088865-101089057",24,15,13,7,FALSE,"Enh349"
"chr15:101091246-101091503",38,18,30,9,FALSE,"Enh350"
"chr15:101091646-101091978",0,68,0,48,TRUE,"Enh351"
"chr15:101127091-101127393",27,4,12,3,FALSE,"Enh352"
"chr15:101127743-101128102",21,25,15,19,TRUE,"Enh353"
"chr15:101128319-101128438",6,9,3,8,TRUE,"Enh354"
"chr15:25670039-25670332",19,29,13,20,FALSE,"Enh355"
"chr15:26082067-26082770",77,17,41,12,FALSE,"Enh356"
"chr15:37106725-37106941",0,31,0,16,FALSE,"Enh357"
"chr15:38129460-38130159",174,25,103,12,FALSE,"Enh358"
"chr15:40941463-40942154",244,21,157,14,TRUE,"Enh359"
"chr15:48975744-48976245",85,4,57,3,FALSE,"Enh360"
"chr15:64835726-64836023",62,0,36,0,TRUE,"Enh361"
"chr15:66842108-66842659",169,0,106,0,TRUE,"Enh362"
"chr15:66883297-66883933",118,0,92,0,FALSE,"Enh363"
"chr15:66908252-66908433",0,17,0,11,FALSE,"Enh364"
"chr15:66908644-66909013",0,47,0,27,FALSE,"Enh365"
"chr15:67884630-67885086",78,85,51,54,FALSE,"Enh366"
"chr15:67927588-67928149",39,45,17,26,FALSE,"Enh367"
"chr15:67968042-67968473",57,34,37,22,FALSE,"Enh368"
"chr15:68552838-68553154",0,89,0,47,FALSE,"Enh369"
"chr15:68559489-68560207",109,29,78,22,FALSE,"Enh370"
"chr15:68730527-68730718",0,49,0,23,FALSE,"Enh371"
"chr15:70605596-70605826",0,67,0,44,FALSE,"Enh372"
"chr15:70606149-70606313",0,21,0,10,FALSE,"Enh373"
"chr15:73800652-73801365",146,24,90,17,FALSE,"Enh374"
"chr15:74771048-74771371",30,8,21,7,FALSE,"Enh375"
"chr15:75666720-75667261",122,0,76,0,FALSE,"Enh376"
"chr15:77496731-77497082",23,22,18,13,FALSE,"Enh377"
"chr15:77497386-77497669",4,35,4,17,FALSE,"Enh378"
"chr15:77507966-77508198",43,1,26,1,FALSE,"Enh379"
"chr15:77541391-77541676",24,52,14,34,FALSE,"Enh380"
"chr15:77542676-77542999",55,25,40,12,FALSE,"Enh381"
"chr15:77543364-77543611",49,0,24,0,FALSE,"Enh382"
"chr15:84955429-84955660",7,15,5,9,FALSE,"Enh383"
"chr15:89018329-89018489",0,16,0,13,FALSE,"Enh384"
"chr15:89346578-89346755",0,41,0,38,FALSE,"Enh385"
"chr15:93030739-93030936",15,8,10,6,FALSE,"Enh386"
"chr15:99408156-99408631",85,9,52,4,FALSE,"Enh387"
"chr15:99409098-99409334",6,57,4,33,FALSE,"Enh388"
"chr15:99486163-99486848",149,13,96,9,TRUE,"Enh389"
"chr15:99487189-99487354",0,13,0,10,TRUE,"Enh390"
"chr15:99536639-99537086",102,32,66,12,TRUE,"Enh391"
"chr16:22195664-22195912",35,0,26,0,FALSE,"Enh392"
"chr16:28945575-28945870",67,1,38,0,FALSE,"Enh393"
"chr16:30634159-30634589",102,4,48,3,FALSE,"Enh394"
"chr16:3152384-3152587",55,27,13,16,FALSE,"Enh395"
"chr16:3152770-3153134",50,7,37,5,FALSE,"Enh396"
"chr16:46854028-46854269",0,55,0,21,FALSE,"Enh397"
"chr16:46857679-46857876",0,62,0,20,FALSE,"Enh398"
"chr16:56547098-56547407",0,51,0,40,FALSE,"Enh399"
"chr16:56547747-56547896",0,72,0,45,FALSE,"Enh400"
"chr16:56558411-56558653",8,39,6,9,FALSE,"Enh401"
"chr16:56600433-56600669",4,30,2,20,TRUE,"Enh402"
"chr16:57290340-57290535",0,41,0,34,FALSE,"Enh403"
"chr16:57299491-57299667",31,0,20,0,FALSE,"Enh404"
"chr16:57299784-57300256",61,0,39,0,FALSE,"Enh405"
"chr16:57300398-57300850",54,0,31,0,TRUE,"Enh406"
"chr16:57304267-57304491",0,57,0,35,FALSE,"Enh407"
"chr16:66189980-66190387",0,85,0,39,FALSE,"Enh408"
"chr16:67014080-67014484",47,27,35,20,FALSE,"Enh409"
"chr16:69417532-69418061",0,97,0,65,FALSE,"Enh410"
"chr16:69482068-69482314",14,9,9,4,FALSE,"Enh411"
"chr16:69482422-69482978",53,43,29,12,FALSE,"Enh412"
"chr16:72198119-72198378",0,54,0,37,FALSE,"Enh413"
"chr16:81730379-81730808",73,68,47,47,FALSE,"Enh414"
"chr16:8888264-8888543",33,8,26,3,FALSE,"Enh415"
"chr16:9047700-9048142",139,0,106,0,FALSE,"Enh416"
"chr16:9048433-9048580",9,20,6,12,FALSE,"Enh417"
"chr17:2580726-2580900",0,29,0,18,FALSE,"Enh418"
"chr17:29212701-29212908",0,28,0,16,FALSE,"Enh419"
"chr17:29240964-29241315",91,0,60,0,FALSE,"Enh420"
"chr17:30340244-30340847",39,46,21,28,TRUE,"Enh421"
"chr17:3048751-3049210",73,0,52,0,FALSE,"Enh422"
"chr17:31549535-31550433",225,14,164,9,FALSE,"Enh423"
"chr17:31696169-31696652",61,7,37,6,FALSE,"Enh424"
"chr17:31842611-31842851",30,2,20,1,FALSE,"Enh425"
"chr17:31843121-31843361",11,40,6,24,FALSE,"Enh426"
"chr17:34252507-34253084",27,122,20,57,TRUE,"Enh427"
"chr17:38867662-38867758",0,6,0,4,FALSE,"Enh428"
"chr17:39573496-39574108",133,21,97,15,FALSE,"Enh429"
"chr17:39753911-39754710",184,13,122,5,FALSE,"Enh430"
"chr17:47239967-47240378",97,0,50,0,FALSE,"Enh431"
"chr17:47687808-47687996",0,45,0,31,FALSE,"Enh432"
"chr17:48002554-48002875",0,107,0,68,FALSE,"Enh433"
"chr17:48012311-48012467",0,38,0,20,FALSE,"Enh434"
"chr17:48023368-48023559",64,0,47,0,FALSE,"Enh435"
"chr17:48023860-48024097",47,0,26,0,FALSE,"Enh436"
"chr17:49191970-49192274",60,0,29,0,FALSE,"Enh437"
"chr17:49192417-49193197",163,0,100,0,FALSE,"Enh438"
"chr17:50026926-50027188",58,0,30,0,TRUE,"Enh439"
"chr17:55238367-55238742",68,58,50,39,FALSE,"Enh440"
"chr17:62870247-62870546",0,51,0,20,FALSE,"Enh441"
"chr17:64989159-64989358",50,27,32,6,FALSE,"Enh442"
"chr17:6752503-6752846",0,67,0,46,FALSE,"Enh443"
"chr17:74454070-74454335",47,60,33,38,FALSE,"Enh444"
"chr17:76791458-76791622",0,68,0,34,FALSE,"Enh445"
"chr17:77779174-77779465",0,93,0,52,FALSE,"Enh446"
"chr17:77831535-77831796",30,21,18,12,FALSE,"Enh447"
"chr17:78352814-78353621",282,0,201,0,TRUE,"Enh448"
"chr17:78933451-78933693",86,0,66,0,TRUE,"Enh449"
"chr17:78933970-78934561",137,0,90,0,TRUE,"Enh450"
"chr18:10052282-10052538",0,61,0,33,FALSE,"Enh451"
"chr18:10518587-10518786",0,16,0,6,FALSE,"Enh452"
"chr18:10520125-10520401",35,8,21,5,FALSE,"Enh453"
"chr18:10560526-10560756",13,17,10,11,TRUE,"Enh454"
"chr18:11946854-11947038",0,34,0,20,TRUE,"Enh455"
"chr18:11947237-11947762",87,47,57,36,TRUE,"Enh456"
"chr18:35355133-35355398",20,10,12,7,FALSE,"Enh457"
"chr18:48896813-48897050",0,74,0,47,FALSE,"Enh458"
"chr18:48901802-48902322",74,7,49,6,FALSE,"Enh459"
"chr18:48975744-48976408",163,33,120,15,FALSE,"Enh460"
"chr18:55861380-55861548",0,15,0,10,FALSE,"Enh461"
"chr18:61581899-61582300",33,25,16,10,FALSE,"Enh462"
"chr18:62982702-62982911",0,48,0,30,FALSE,"Enh463"
"chr19:10593963-10594273",0,68,0,40,FALSE,"Enh464"
"chr19:11536023-11536293",134,33,108,27,TRUE,"Enh465"
"chr19:12983509-12983795",22,96,14,74,TRUE,"Enh466"
"chr19:12985294-12985517",0,62,0,34,FALSE,"Enh467"
"chr19:13162738-13163191",109,13,61,8,FALSE,"Enh468"
"chr19:13163799-13164207",134,35,71,26,FALSE,"Enh469"
"chr19:13692209-13692431",0,73,0,50,FALSE,"Enh470"
"chr19:13846584-13846890",110,0,74,0,TRUE,"Enh471"
"chr19:13847395-13847486",35,0,19,0,TRUE,"Enh472"
"chr19:13847711-13848010",129,0,87,0,TRUE,"Enh473"
"chr19:13850971-13851089",10,0,0,0,TRUE,"Enh474"
"chr19:13851178-13851743",201,0,146,0,TRUE,"Enh475"
"chr19:16273097-16273349",0,42,0,22,FALSE,"Enh476"
"chr19:16825254-16825666",0,74,0,47,FALSE,"Enh477"
"chr19:17947824-17948394",90,150,70,108,FALSE,"Enh478"
"chr19:2489270-2489529",43,29,25,23,FALSE,"Enh479"
"chr19:2494762-2495125",80,2,65,2,FALSE,"Enh480"
"chr19:2495310-2495616",86,0,56,0,TRUE,"Enh481"
"chr19:33819905-33820399",0,88,0,61,FALSE,"Enh482"
"chr19:34134233-34134663",131,1,93,0,FALSE,"Enh483"
"chr19:34134777-34134955",39,3,30,3,FALSE,"Enh484"
"chr19:34474927-34475427",3,112,1,74,FALSE,"Enh485"
"chr19:39052329-39052628",0,40,0,24,TRUE,"Enh486"
"chr19:39078570-39079426",117,56,84,39,TRUE,"Enh487"
"chr19:3987782-3988065",0,39,0,24,FALSE,"Enh488"
"chr19:40433414-40433596",6,22,3,11,TRUE,"Enh489"
"chr19:40433771-40434343",137,6,99,5,FALSE,"Enh490"
"chr19:40634523-40634764",35,1,22,0,FALSE,"Enh491"
"chr19:40662865-40663804",275,36,184,20,FALSE,"Enh492"
"chr19:46416462-46416762",59,53,37,41,FALSE,"Enh493"
"chr19:46856115-46856386",49,0,33,0,TRUE,"Enh494"
"chr19:47239648-47239950",81,30,64,19,TRUE,"Enh495"
"chr19:47241179-47241336",0,119,0,88,FALSE,"Enh496"
"chr19:47243074-47243343",15,113,13,90,FALSE,"Enh497"
"chr19:47244092-47244564",75,22,48,16,FALSE,"Enh498"
"chr19:47600280-47600789",173,0,118,0,FALSE,"Enh499"
"chr19:6504912-6505057",0,41,0,29,FALSE,"Enh500"
"chr19:6516090-6516285",0,96,0,69,FALSE,"Enh501"
"chr19:6516893-6517158",29,30,23,22,FALSE,"Enh502"
"chr19:7098826-7099678",181,0,139,0,FALSE,"Enh503"
"chr19:8154858-8155127",0,89,0,55,FALSE,"Enh504"
"chr19:8505764-8506530",124,59,74,40,FALSE,"Enh505"
"chr19:9945316-9945911",125,24,83,14,FALSE,"Enh506"
"chr2:10036083-10036578",77,18,53,8,FALSE,"Enh507"
"chr2:10283179-10283583",103,0,74,0,TRUE,"Enh508"
"chr2:104378861-104379073",0,80,0,46,FALSE,"Enh509"
"chr2:126777452-126777643",0,24,0,18,FALSE,"Enh510"
"chr2:128233067-128233429",41,0,28,0,FALSE,"Enh511"
"chr2:128233574-128233795",30,0,20,0,FALSE,"Enh512"
"chr2:128321834-128322119",55,1,41,1,FALSE,"Enh513"
"chr2:128322324-128322474",17,12,9,9,FALSE,"Enh514"
"chr2:128347900-128348533",17,87,13,48,FALSE,"Enh515"
"chr2:128369187-128369360",0,29,0,16,FALSE,"Enh516"
"chr2:128374139-128374490",1,88,1,49,FALSE,"Enh517"
"chr2:128379290-128379518",0,34,0,24,FALSE,"Enh518"
"chr2:128736689-128736951",0,40,0,30,FALSE,"Enh519"
"chr2:130391188-130391899",156,23,113,14,FALSE,"Enh520"
"chr2:151315434-151315920",0,60,0,36,FALSE,"Enh521"
"chr2:156400276-156400575",28,1,23,1,FALSE,"Enh522"
"chr2:156400698-156401281",62,5,31,3,FALSE,"Enh523"
"chr2:170973430-170974142",121,41,84,33,FALSE,"Enh524"
"chr2:182593433-182593631",0,51,0,32,FALSE,"Enh525"
"chr2:203649809-203650068",0,38,0,27,FALSE,"Enh526"
"chr2:227406179-227406934",33,104,23,54,FALSE,"Enh529"
"chr2:227415609-227415832",72,38,36,24,FALSE,"Enh530"
"chr2:231597162-231597447",9,54,5,46,FALSE,"Enh531"
"chr2:231601739-231601899",19,2,13,2,FALSE,"Enh532"
"chr2:231604396-231605237",210,1,145,0,FALSE,"Enh533"
"chr2:231611831-231612337",126,0,85,0,TRUE,"Enh534"
"chr2:231612502-231612828",91,0,66,0,TRUE,"Enh535"
"chr2:231613884-231614652",200,10,147,5,FALSE,"Enh536"
"chr2:231662113-231662589",41,69,29,49,TRUE,"Enh537"
"chr2:231666365-231666792",113,0,70,0,TRUE,"Enh538"
"chr2:231666939-231667147",92,0,66,0,TRUE,"Enh539"
"chr2:231674915-231675095",38,9,31,5,FALSE,"Enh540"
"chr2:231680974-231681435",178,2,133,0,FALSE,"Enh541"
"chr2:231687284-231687510",24,43,11,29,FALSE,"Enh542"
"chr2:235263607-235263893",54,13,41,10,FALSE,"Enh543"
"chr2:235469000-235469297",46,12,30,3,FALSE,"Enh544"
"chr2:237315231-237315538",27,0,21,0,FALSE,"Enh545"
"chr2:237475243-237475651",118,1,83,1,FALSE,"Enh546"
"chr2:240370123-240370480",80,0,54,0,TRUE,"Enh547"
"chr2:240832225-240832662",0,141,0,116,FALSE,"Enh548"
"chr2:241541049-241541444",104,180,77,132,FALSE,"Enh549"
"chr2:25215986-25216365",29,90,25,58,FALSE,"Enh550"
"chr2:26001804-26001935",0,18,0,8,FALSE,"Enh551"
"chr2:26018093-26018465",117,16,74,3,FALSE,"Enh552"
"chr2:27720120-27720461",88,32,62,28,FALSE,"Enh553"
"chr2:27723385-27723616",21,4,9,4,FALSE,"Enh554"
"chr2:27725452-27725626",0,30,0,17,FALSE,"Enh555"
"chr2:27735546-27735840",0,97,0,72,FALSE,"Enh556"
"chr2:28356097-28356481",78,8,54,5,FALSE,"Enh557"
"chr2:30225145-30225407",6,62,5,28,FALSE,"Enh558"
"chr2:30225534-30225779",6,45,3,19,FALSE,"Enh559"
"chr2:30422106-30422753",0,153,0,94,FALSE,"Enh560"
"chr2:41840756-41841535",133,4,72,1,FALSE,"Enh561"
"chr2:41966497-41966836",29,47,17,24,FALSE,"Enh562"
"chr2:44075713-44075956",0,85,0,57,FALSE,"Enh563"
"chr2:44087035-44087538",59,76,45,41,FALSE,"Enh564"
"chr2:45643683-45643937",59,0,35,0,FALSE,"Enh565"
"chr2:55119704-55119940",0,49,0,22,FALSE,"Enh566"
"chr2:55120640-55120876",0,30,0,8,TRUE,"Enh567"
"chr2:55133852-55134197",10,75,6,39,FALSE,"Enh568"
"chr2:55155719-55156571",38,47,26,25,FALSE,"Enh569"
"chr2:55163286-55163547",25,44,17,3,FALSE,"Enh570"
"chr2:55163985-55164092",0,19,0,10,FALSE,"Enh571"
"chr2:55165657-55165951",48,18,35,13,FALSE,"Enh572"
"chr2:55168241-55168820",24,96,9,51,FALSE,"Enh573"
"chr2:61671173-61671409",0,62,0,23,FALSE,"Enh574"
"chr2:61694532-61695104",136,161,95,112,FALSE,"Enh575"
"chr2:61763771-61763974",40,0,31,0,FALSE,"Enh576"
"chr2:61764070-61764745",75,51,52,37,FALSE,"Enh577"
"chr2:62412179-62412325",0,13,0,8,FALSE,"Enh578"
"chr2:62456723-62457457",146,24,101,11,FALSE,"Enh579"
"chr2:64064090-64064293",0,45,0,33,FALSE,"Enh580"
"chr2:64064593-64065070",33,60,19,40,FALSE,"Enh581"
"chr2:64273794-64274050",11,51,7,37,FALSE,"Enh582"
"chr2:64312034-64312596",50,45,24,31,FALSE,"Enh583"
"chr2:64328069-64328173",0,12,0,8,FALSE,"Enh584"
"chr2:64767781-64768435",138,0,97,0,FALSE,"Enh585"
"chr2:64831216-64831703",184,0,125,0,TRUE,"Enh586"
"chr2:64831843-64831985",33,1,16,1,FALSE,"Enh587"
"chr2:65300269-65301405",249,8,144,7,FALSE,"Enh588"
"chr2:9165638-9165874",0,55,0,36,FALSE,"Enh589"
"chr20:21505275-21505435",0,31,0,19,FALSE,"Enh590"
"chr20:21506338-21506570",10,44,6,16,FALSE,"Enh591"
"chr20:23622831-23623179",69,32,44,24,TRUE,"Enh592"
"chr20:31661594-31661937",84,5,54,5,FALSE,"Enh593"
"chr20:31662237-31662407",23,6,17,4,FALSE,"Enh594"
"chr20:31841989-31842273",34,24,27,18,FALSE,"Enh595"
"chr20:32627713-32627933",28,21,19,11,FALSE,"Enh596"
"chr20:32980188-32980392",0,32,0,16,FALSE,"Enh597"
"chr20:33262710-33262895",0,13,0,9,FALSE,"Enh598"
"chr20:33945785-33945980",0,56,0,35,FALSE,"Enh599"
"chr20:37269771-37270165",10,42,7,27,TRUE,"Enh600"
"chr20:39049775-39049990",0,31,0,26,FALSE,"Enh601"
"chr20:39050084-39050400",78,12,58,9,FALSE,"Enh602"
"chr20:4085300-4085833",67,47,37,35,TRUE,"Enh603"
"chr20:41692790-41693077",47,8,34,4,FALSE,"Enh604"
"chr20:41693472-41693718",31,14,18,3,FALSE,"Enh605"
"chr20:4601619-4602082",0,80,0,45,FALSE,"Enh606"
"chr20:4613788-4614117",0,64,0,27,FALSE,"Enh607"
"chr20:57582482-57582689",0,30,0,20,FALSE,"Enh608"
"chr20:57748587-57749095",133,16,86,11,FALSE,"Enh609"
"chr20:58179628-58179827",32,10,20,7,FALSE,"Enh610"
"chr20:59571656-59571822",0,25,0,16,FALSE,"Enh611"
"chr21:25790148-25790318",0,27,0,21,FALSE,"Enh612"
"chr21:26795953-26796315",0,99,0,57,FALSE,"Enh613"
"chr21:37563834-37564129",99,0,77,0,FALSE,"Enh614"
"chr21:37564371-37564852",143,10,104,4,FALSE,"Enh615"
"chr22:23521547-23522454",202,8,137,7,FALSE,"Enh616"
"chr22:24207929-24208336",79,36,48,18,FALSE,"Enh617"
"chr22:27113161-27113606",42,42,32,22,FALSE,"Enh618"
"chr22:27462362-27462546",0,27,0,13,FALSE,"Enh619"
"chr22:29780702-29781001",103,0,33,0,TRUE,"Enh620"
"chr22:35350801-35351184",68,0,52,0,FALSE,"Enh621"
"chr22:35351393-35351513",13,0,10,0,FALSE,"Enh622"
"chr22:35467827-35468062",0,65,0,29,FALSE,"Enh623"
"chr22:35536143-35536484",39,26,29,16,FALSE,"Enh624"
"chr22:36123792-36124287",91,13,65,7,FALSE,"Enh625"
"chr22:36462128-36462474",62,0,33,0,FALSE,"Enh626"
"chr22:36977433-36977688",6,27,4,21,FALSE,"Enh627"
"chr22:37898860-37899164",0,79,0,50,FALSE,"Enh628"
"chr22:38052370-38052596",68,1,45,1,FALSE,"Enh629"
"chr22:38461517-38461818",21,33,18,24,FALSE,"Enh630"
"chr22:38882551-38882774",0,32,0,24,TRUE,"Enh631"
"chr22:39174706-39175067",82,124,51,87,FALSE,"Enh632"
"chr22:39496485-39496636",16,4,9,3,FALSE,"Enh633"
"chr22:40651682-40652373",182,0,119,0,FALSE,"Enh634"
"chr22:40654553-40654898",9,77,8,41,FALSE,"Enh635"
"chr22:41021641-41022376",244,37,170,25,FALSE,"Enh636"
"chr22:41022515-41022964",95,14,66,3,FALSE,"Enh637"
"chr22:41401939-41402420",0,105,0,67,FALSE,"Enh638"
"chr22:41403831-41404235",103,21,71,16,FALSE,"Enh639"
"chr22:41413245-41414124",236,64,162,29,FALSE,"Enh640"
"chr22:41418075-41418348",38,21,23,15,FALSE,"Enh641"
"chr22:45268340-45268486",0,38,0,30,FALSE,"Enh642"
"chr22:45268687-45268782",3,0,2,0,FALSE,"Enh643"
"chr22:45269086-45269559",43,118,32,81,FALSE,"Enh644"
"chr22:45272015-45272207",0,33,0,23,FALSE,"Enh645"
"chr22:45493320-45493727",0,70,0,38,FALSE,"Enh646"
"chr22:45997472-45998007",52,128,33,78,FALSE,"Enh647"
"chr22:46027301-46027632",0,104,0,60,FALSE,"Enh648"
"chr22:46035655-46036232",338,2,269,2,FALSE,"Enh649"
"chr22:46116370-46116764",69,23,49,21,FALSE,"Enh650"
"chr3:11096384-11097132",151,47,91,30,FALSE,"Enh651"
"chr3:112390841-112391868",17,139,10,92,FALSE,"Enh652"
"chr3:120558890-120559152",39,26,19,22,FALSE,"Enh653"
"chr3:120559679-120559977",121,0,76,0,FALSE,"Enh654"
"chr3:120561024-120561507",43,38,33,20,FALSE,"Enh655"
"chr3:120567830-120567983",9,8,4,4,FALSE,"Enh656"
"chr3:124032851-124033432",160,15,100,9,TRUE,"Enh657"
"chr3:124033545-124033692",56,0,33,0,TRUE,"Enh658"
"chr3:124034421-124034550",5,29,3,23,FALSE,"Enh659"
"chr3:126389245-126389740",39,64,27,37,FALSE,"Enh660"
"chr3:127455580-127456043",48,27,34,18,FALSE,"Enh661"
"chr3:127456722-127456883",27,33,22,20,FALSE,"Enh662"
"chr3:127544320-127544524",37,1,17,1,FALSE,"Enh663"
"chr3:127547787-127548270",209,0,148,0,FALSE,"Enh664"
"chr3:12892043-12892170",0,32,0,19,FALSE,"Enh665"
"chr3:134308473-134308712",47,4,31,4,FALSE,"Enh666"
"chr3:134311319-134311569",18,0,10,0,FALSE,"Enh667"
"chr3:134326817-134327230",53,1,35,1,FALSE,"Enh668"
"chr3:134333529-134333823",4,24,4,15,FALSE,"Enh669"
"chr3:134407260-134407456",0,44,0,32,FALSE,"Enh670"
"chr3:134464049-134464639",63,56,51,26,FALSE,"Enh671"
"chr3:13451738-13452194",90,80,58,21,FALSE,"Enh672"
"chr3:13452862-13453018",0,18,0,11,FALSE,"Enh673"
"chr3:138863018-138863285",29,32,23,19,FALSE,"Enh674"
"chr3:138863456-138863690",57,5,47,2,FALSE,"Enh675"
"chr3:138915076-138915765",152,26,102,20,FALSE,"Enh676"
"chr3:138915908-138916230",52,0,32,0,FALSE,"Enh677"
"chr3:13895360-13895653",47,33,29,29,FALSE,"Enh678"
"chr3:152621482-152621852",0,61,0,38,FALSE,"Enh680"
"chr3:156605699-156606425",79,34,54,22,FALSE,"Enh681"
"chr3:157066774-157067221",75,12,44,6,FALSE,"Enh682"
"chr3:157076116-157076326",0,32,0,24,FALSE,"Enh683"
"chr3:157077782-157077943",0,16,0,13,FALSE,"Enh684"
"chr3:177358607-177358934",18,116,12,80,FALSE,"Enh685"
"chr3:177359920-177360275",79,35,63,26,FALSE,"Enh686"
"chr3:185943393-185943758",11,73,8,38,FALSE,"Enh691"
"chr3:186365625-186365901",9,58,7,43,FALSE,"Enh692"
"chr3:186413816-186414018",0,56,0,32,FALSE,"Enh693"
"chr3:186414117-186414265",28,7,20,3,FALSE,"Enh694"
"chr3:186414725-186415122",16,55,10,36,FALSE,"Enh695"
"chr3:187748098-187748274",0,17,0,11,FALSE,"Enh696"
"chr3:188051280-188051475",22,3,18,3,FALSE,"Enh697"
"chr3:188052333-188052661",0,45,0,28,FALSE,"Enh698"
"chr3:196179521-196180002",0,120,0,69,FALSE,"Enh699"
"chr3:40691102-40691384",0,52,0,34,FALSE,"Enh700"
"chr3:42229978-42230148",0,28,0,17,FALSE,"Enh701"
"chr3:43769423-43770017",148,2,86,1,FALSE,"Enh702"
"chr3:43770817-43770958",33,16,27,7,FALSE,"Enh703"
"chr3:43870188-43870417",81,0,57,0,TRUE,"Enh704"
"chr3:48130372-48130940",0,214,0,114,FALSE,"Enh705"
"chr3:48151514-48151822",47,18,35,8,FALSE,"Enh706"
"chr3:49539768-49540481",148,5,110,4,FALSE,"Enh707"
"chr3:57952254-57952552",61,4,49,4,TRUE,"Enh708"
"chr3:72288905-72289452",6,85,5,56,FALSE,"Enh709"
"chr3:72329498-72329793",0,72,0,40,FALSE,"Enh710"
"chr3:73727092-73727366",0,35,0,25,FALSE,"Enh711"
"chr3:73727595-73727835",38,55,31,20,FALSE,"Enh712"
"chr4:122584531-122584926",0,85,0,64,FALSE,"Enh714"
"chr4:13642265-13642458",0,24,0,16,FALSE,"Enh715"
"chr4:139657847-139658008",0,37,0,31,FALSE,"Enh716"
"chr4:140237673-140238019",68,13,29,12,FALSE,"Enh717"
"chr4:140238353-140238646",44,3,34,2,FALSE,"Enh718"
"chr4:140252699-140253148",77,9,51,6,FALSE,"Enh719"
"chr4:140253246-140253477",56,18,42,15,FALSE,"Enh720"
"chr4:147361743-147362051",0,100,0,46,FALSE,"Enh721"
"chr4:184268215-184268677",50,62,27,27,FALSE,"Enh722"
"chr4:185566951-185567277",0,64,0,38,FALSE,"Enh723"
"chr4:186021674-186021877",0,24,0,12,FALSE,"Enh724"
"chr4:24470133-24470500",45,29,30,26,FALSE,"Enh725"
"chr4:24470709-24470826",17,13,8,7,FALSE,"Enh726"
"chr4:24471153-24471508",47,59,19,37,FALSE,"Enh727"
"chr4:24472712-24473232",100,23,69,14,FALSE,"Enh728"
"chr4:38190680-38191197",42,110,27,36,FALSE,"Enh729"
"chr4:38309000-38309209",0,76,0,47,FALSE,"Enh730"
"chr4:38318862-38319139",60,0,35,0,FALSE,"Enh731"
"chr4:38319845-38320144",25,22,19,7,FALSE,"Enh732"
"chr4:38948503-38948899",60,26,38,11,FALSE,"Enh733"
"chr4:39037585-39037787",45,12,29,4,FALSE,"Enh734"
"chr4:6720358-6720552",33,22,11,18,FALSE,"Enh735"
"chr4:6724533-6724851",0,68,0,55,FALSE,"Enh736"
"chr4:6732678-6732956",83,0,61,0,TRUE,"Enh737"
"chr4:70895448-70895705",0,44,0,24,FALSE,"Enh738"
"chr4:77044552-77044777",0,19,0,10,FALSE,"Enh739"
"chr4:7960781-7960976",0,13,0,8,FALSE,"Enh740"
"chr4:98467597-98468062",23,55,10,27,FALSE,"Enh741"
"chr5:112551533-112551699",0,10,0,6,FALSE,"Enh742"
"chr5:112554696-112554924",0,70,0,37,FALSE,"Enh743"
"chr5:116652339-116652669",0,53,0,38,FALSE,"Enh744"
"chr5:123696872-123697340",30,50,19,30,FALSE,"Enh745"
"chr5:124628981-124629422",95,15,70,13,FALSE,"Enh746"
"chr5:124634270-124634590",0,107,0,53,FALSE,"Enh747"
"chr5:138449065-138449256",0,39,0,21,FALSE,"Enh748"
"chr5:138449666-138449816",0,32,0,27,FALSE,"Enh749"
"chr5:138450023-138450304",45,12,24,1,FALSE,"Enh750"
"chr5:138492011-138492327",106,2,74,2,FALSE,"Enh751"
"chr5:138503843-138504039",4,14,4,9,FALSE,"Enh752"
"chr5:138579374-138579554",0,16,0,9,FALSE,"Enh753"
"chr5:139517954-139518512",83,66,53,42,FALSE,"Enh754"
"chr5:154682435-154683074",298,6,209,3,FALSE,"Enh755"
"chr5:173824237-173824518",0,105,0,55,FALSE,"Enh756"
"chr5:173969565-173969872",42,45,32,27,TRUE,"Enh757"
"chr5:32505066-32505534",65,44,31,33,FALSE,"Enh758"
"chr5:55601164-55601635",32,36,22,17,FALSE,"Enh759"
"chr5:55602811-55602998",0,48,0,14,FALSE,"Enh760"
"chr5:57986818-57987186",0,73,0,49,FALSE,"Enh762"
"chr5:58891134-58891667",0,116,0,61,FALSE,"Enh763"
"chr5:58891798-58891979",27,24,15,9,FALSE,"Enh764"
"chr5:74034752-74035070",49,17,32,9,FALSE,"Enh765"
"chr5:82641437-82641675",0,34,0,20,FALSE,"Enh766"
"chr5:84564382-84564692",0,69,0,38,FALSE,"Enh767"
"chr5:87781236-87781422",5,9,5,4,FALSE,"Enh768"
"chr6:10316311-10316703",45,68,33,14,FALSE,"Enh769"
"chr6:110534851-110535193",26,31,20,10,FALSE,"Enh770"
"chr6:110537250-110537692",49,24,38,12,FALSE,"Enh771"
"chr6:110547519-110547877",2,79,2,50,TRUE,"Enh772"
"chr6:11655589-11655935",30,32,17,18,TRUE,"Enh773"
"chr6:121848640-121849146",0,51,0,26,FALSE,"Enh774"
"chr6:12234069-12234316",0,30,0,16,TRUE,"Enh775"
"chr6:122753659-122754017",0,101,0,69,FALSE,"Enh776"
"chr6:123091053-123091704",116,38,78,21,FALSE,"Enh777"
"chr6:125099508-125099984",70,49,46,38,FALSE,"Enh778"
"chr6:125363121-125363934",75,78,46,52,FALSE,"Enh779"
"chr6:132122795-132123229",0,95,0,50,FALSE,"Enh780"
"chr6:134063926-134064113",11,18,8,15,FALSE,"Enh781"
"chr6:134908876-134909489",118,1,71,0,FALSE,"Enh782"
"chr6:136323857-136324043",0,37,0,17,FALSE,"Enh783"
"chr6:144215994-144216855",144,23,87,13,FALSE,"Enh785"
"chr6:149926258-149926439",37,2,25,1,FALSE,"Enh786"
"chr6:156686404-156686544",4,15,2,11,FALSE,"Enh787"
"chr6:156686726-156686839",6,1,4,1,FALSE,"Enh788"
"chr6:156686929-156687592",155,1,118,1,FALSE,"Enh789"
"chr6:156687725-156687858",44,0,18,0,FALSE,"Enh790"
"chr6:156688140-156688292",12,13,6,9,FALSE,"Enh791"
"chr6:156719941-156720374",111,33,82,20,FALSE,"Enh792"
"chr6:157235191-157236205",119,58,78,36,FALSE,"Enh793"
"chr6:163355554-163355958",0,114,0,73,FALSE,"Enh794"
"chr6:163356452-163356681",0,114,0,85,FALSE,"Enh795"
"chr6:16803379-16803649",0,33,0,24,FALSE,"Enh798"
"chr6:26305222-26305572",17,13,10,11,TRUE,"Enh799"
"chr6:26311685-26311914",0,46,0,20,FALSE,"Enh800"
"chr6:26312529-26313285",43,92,34,25,FALSE,"Enh801"
"chr6:26532801-26533107",52,0,30,0,TRUE,"Enh802"
"chr6:26533238-26533388",11,0,10,0,TRUE,"Enh803"
"chr6:26553408-26553606",6,10,1,10,FALSE,"Enh804"
"chr6:26553873-26554395",100,8,59,5,FALSE,"Enh805"
"chr6:26555279-26555391",0,4,0,3,FALSE,"Enh806"
"chr6:27177752-27178400",121,3,76,3,FALSE,"Enh807"
"chr6:27178538-27178645",0,10,0,8,FALSE,"Enh808"
"chr6:27752328-27752562",22,7,9,2,TRUE,"Enh809"
"chr6:27753194-27753542",49,14,30,12,FALSE,"Enh810"
"chr6:27902372-27902675",28,33,21,20,FALSE,"Enh811"
"chr6:27902789-27903305",40,19,29,15,TRUE,"Enh812"
"chr6:33768673-33768943",73,9,48,8,FALSE,"Enh813"
"chr6:34223464-34224379",238,87,179,58,FALSE,"Enh814"
"chr6:35731427-35731580",64,0,50,0,FALSE,"Enh815"
"chr6:35731701-35731837",25,0,10,0,FALSE,"Enh816"
"chr6:36123884-36124120",26,54,19,32,FALSE,"Enh817"
"chr6:36341020-36341231",3,23,3,15,FALSE,"Enh818"
"chr6:42547402-42547883",61,17,34,4,FALSE,"Enh819"
"chr6:42548120-42548308",49,2,32,1,FALSE,"Enh820"
"chr6:43702523-43703236",171,0,125,0,TRUE,"Enh821"
"chr6:71107896-71108427",68,39,34,22,FALSE,"Enh822"
"chr6:72418507-72418875",62,5,45,4,FALSE,"Enh823"
"chr6:79544970-79545394",134,11,80,4,FALSE,"Enh824"
"chr6:84774814-84775006",91,0,49,0,FALSE,"Enh825"
"chr6:87968469-87968795",0,62,0,24,FALSE,"Enh826"
"chr6:98827736-98827931",0,46,0,23,FALSE,"Enh827"
"chr6:98845203-98845382",16,56,11,43,FALSE,"Enh828"
"chr6:98845657-98846049",53,47,34,34,FALSE,"Enh829"
"chr7:100450536-100450692",0,32,0,24,TRUE,"Enh830"
"chr7:101099989-101100643",149,5,102,2,TRUE,"Enh831"
"chr7:106050806-106051033",38,9,31,5,FALSE,"Enh832"
"chr7:106058526-106058851",0,75,0,51,FALSE,"Enh833"
"chr7:106064953-106065545",118,0,87,0,FALSE,"Enh834"
"chr7:106065984-106066273",13,33,7,20,FALSE,"Enh835"
"chr7:121797756-121798036",0,53,0,37,FALSE,"Enh836"
"chr7:12715518-12716063",65,44,39,27,FALSE,"Enh837"
"chr7:129824926-129826061",383,31,271,19,TRUE,"Enh838"
"chr7:149065191-149065384",42,1,24,0,FALSE,"Enh841"
"chr7:149065481-149066079",95,28,66,19,FALSE,"Enh842"
"chr7:149741691-149741846",0,19,0,8,FALSE,"Enh843"
"chr7:149742243-149742412",18,16,10,5,FALSE,"Enh844"
"chr7:151459848-151460425",105,3,59,3,FALSE,"Enh845"
"chr7:151539088-151539346",6,34,3,19,FALSE,"Enh846"
"chr7:154913777-154914009",32,0,15,0,FALSE,"Enh847"
"chr7:157271826-157272286",82,3,50,2,FALSE,"Enh848"
"chr7:157310019-157310419",66,4,48,3,TRUE,"Enh849"
"chr7:158977140-158977299",0,38,0,26,FALSE,"Enh850"
"chr7:25849703-25850203",49,88,38,52,FALSE,"Enh851"
"chr7:42888115-42888876",57,58,34,25,FALSE,"Enh852"
"chr7:54664300-54664711",0,90,0,45,FALSE,"Enh853"
"chr7:76291557-76291943",71,0,48,0,TRUE,"Enh854"
"chr7:76294322-76294561",92,0,69,0,TRUE,"Enh855"
"chr7:76294680-76294975",116,0,75,0,TRUE,"Enh856"
"chr7:76306789-76306923",0,16,0,14,TRUE,"Enh857"
"chr7:76307092-76307322",8,58,6,38,FALSE,"Enh858"
"chr7:76310742-76310903",0,72,0,43,FALSE,"Enh859"
"chr7:76314332-76314583",69,0,41,0,FALSE,"Enh860"
"chr7:76317962-76318340",81,0,49,0,FALSE,"Enh861"
"chr7:76318692-76318981",89,0,46,0,FALSE,"Enh862"
"chr7:76364634-76365025",60,44,40,31,FALSE,"Enh863"
"chr7:76379852-76380593",248,13,183,4,TRUE,"Enh864"
"chr7:80721953-80722124",34,0,28,0,FALSE,"Enh865"
"chr8:100847210-100847794",116,15,71,10,FALSE,"Enh866"
"chr8:100908478-100908788",94,0,52,0,FALSE,"Enh867"
"chr8:100908876-100908970",9,0,2,0,FALSE,"Enh868"
"chr8:101080630-101081078",23,182,16,128,FALSE,"Enh869"
"chr8:101108543-101108951",40,71,27,45,FALSE,"Enh870"
"chr8:101109492-101109839",8,65,8,22,FALSE,"Enh871"
"chr8:102585289-102585543",0,54,0,32,FALSE,"Enh872"
"chr8:102585867-102586039",0,14,0,12,FALSE,"Enh873"
"chr8:102728442-102728762",57,27,31,16,FALSE,"Enh874"
"chr8:102729478-102730152",135,43,95,27,FALSE,"Enh875"
"chr8:102788833-102789488",123,2,62,1,TRUE,"Enh876"
"chr8:117730791-117731922",26,161,19,103,FALSE,"Enh877"
"chr8:11902263-11902722",68,17,42,9,TRUE,"Enh878"
"chr8:133383180-133383567",24,39,18,22,FALSE,"Enh879"
"chr8:133449512-133449789",27,5,19,4,FALSE,"Enh880"
"chr8:134456580-134456745",2,34,1,20,FALSE,"Enh881"
"chr8:134457122-134457629",116,20,74,13,FALSE,"Enh882"
"chr8:134457758-134457942",30,12,20,10,FALSE,"Enh883"
"chr8:134720092-134720421",0,52,0,31,FALSE,"Enh884"
"chr8:134905598-134905754",0,12,0,6,FALSE,"Enh885"
"chr8:134906168-134906395",0,33,0,18,FALSE,"Enh886"
"chr8:25064333-25064573",0,36,0,20,FALSE,"Enh887"
"chr8:26133803-26134008",32,7,23,6,FALSE,"Enh888"
"chr8:26134143-26134585",28,52,18,30,FALSE,"Enh889"
"chr8:26661835-26662088",18,21,9,14,FALSE,"Enh890"
"chr8:41101077-41101360",0,68,0,37,FALSE,"Enh892"
"chr8:42412427-42412635",28,29,10,22,TRUE,"Enh893"
"chr8:42805336-42805743",0,61,0,35,FALSE,"Enh894"
"chr8:53657762-53658185",90,23,46,18,FALSE,"Enh895"
"chr8:53692948-53693403",13,49,10,35,FALSE,"Enh896"
"chr8:61012819-61013030",0,45,0,27,FALSE,"Enh897"
"chr8:61023558-61024108",95,27,56,11,FALSE,"Enh898"
"chr8:66521972-66522234",98,0,48,0,TRUE,"Enh899"
"chr8:66522336-66522958",87,0,60,0,TRUE,"Enh900"
"chr8:66533442-66533652",0,36,0,22,TRUE,"Enh901"
"chr8:66533775-66533930",0,48,0,28,FALSE,"Enh902"
"chr8:80578017-80578573",136,41,98,28,FALSE,"Enh903"
"chr8:80578674-80578857",47,17,27,14,FALSE,"Enh904"
"chr8:93986196-93986357",0,23,0,11,FALSE,"Enh905"
"chr8:93986938-93987184",0,41,0,20,FALSE,"Enh906"
"chr8:93991427-93991877",61,35,38,28,FALSE,"Enh907"
"chr8:97375743-97375953",0,35,0,11,FALSE,"Enh908"
"chr8:98164674-98164950",29,9,23,6,FALSE,"Enh909"
"chr8:98170107-98170324",26,26,14,14,FALSE,"Enh910"
"chr9:100598792-100599076",12,38,9,27,FALSE,"Enh911"
"chr9:107336981-107337305",12,34,7,23,FALSE,"Enh912"
"chr9:107637647-107638298",129,42,68,33,FALSE,"Enh913"
"chr9:107639008-107639146",0,14,0,10,FALSE,"Enh914"
"chr9:107749864-107750060",60,1,40,1,FALSE,"Enh915"
"chr9:107750711-107751137",75,15,59,7,FALSE,"Enh916"
"chr9:107751590-107752091",52,39,32,16,FALSE,"Enh917"
"chr9:110650948-110651453",103,0,39,0,FALSE,"Enh919"
"chr9:111299365-111299594",0,31,0,22,FALSE,"Enh920"
"chr9:123335649-123335938",40,38,25,23,FALSE,"Enh922"
"chr9:126722397-126722892",0,201,0,128,FALSE,"Enh923"
"chr9:126844178-126844493",37,60,26,37,FALSE,"Enh924"
"chr9:129402080-129402402",0,129,0,88,FALSE,"Enh925"
"chr9:129412993-129413492",121,43,78,32,FALSE,"Enh926"
"chr9:129413618-129413975",134,2,95,2,FALSE,"Enh927"
"chr9:129458916-129459006",0,10,0,5,FALSE,"Enh928"
"chr9:129460329-129460687",127,0,91,0,FALSE,"Enh929"
"chr9:129460786-129460931",41,0,25,0,FALSE,"Enh930"
"chr9:129461040-129461215",30,0,18,0,TRUE,"Enh931"
"chr9:129550259-129550573",56,4,42,4,FALSE,"Enh932"
"chr9:129557410-129557757",57,53,35,32,FALSE,"Enh933"
"chr9:129568648-129568766",44,0,23,0,FALSE,"Enh934"
"chr9:129569688-129569809",0,17,0,7,TRUE,"Enh935"
"chr9:129570517-129571038",119,31,93,18,FALSE,"Enh936"
"chr9:129596950-129597676",188,81,133,55,FALSE,"Enh937"
"chr9:133238458-133238727",0,131,0,97,FALSE,"Enh938"
"chr9:133239103-133239370",11,31,7,18,FALSE,"Enh939"
"chr9:133609183-133609569",0,83,0,62,FALSE,"Enh940"
"chr9:134443394-134443745",84,13,53,7,FALSE,"Enh941"
"chr9:134624853-134625193",104,2,72,1,TRUE,"Enh942"
"chr9:134895985-134896147",0,75,0,45,FALSE,"Enh943"
"chr9:134896272-134896506",0,59,0,38,FALSE,"Enh944"
"chr9:135979229-135979433",0,44,0,36,FALSE,"Enh945"
"chr9:135992719-135992990",48,7,28,6,FALSE,"Enh946"
"chr9:136625127-136625651",11,89,7,44,FALSE,"Enh947"
"chr9:136631496-136631706",17,5,8,4,TRUE,"Enh948"
"chr9:136644477-136644739",76,30,57,21,TRUE,"Enh949"
"chr9:136787755-136787902",0,12,0,9,FALSE,"Enh950"
"chr9:137129561-137130096",68,5,49,4,TRUE,"Enh951"
"chr9:19184288-19184822",96,58,64,30,FALSE,"Enh952"
"chr9:36166570-36166868",61,9,50,5,TRUE,"Enh954"
"chr9:36566807-36567298",37,48,30,26,FALSE,"Enh955"
"chr9:70418874-70419305",74,0,55,0,FALSE,"Enh956"
"chr9:70419452-70419893",160,0,119,0,TRUE,"Enh957"
"chr9:70420001-70420653",247,0,177,0,FALSE,"Enh958"
"chr9:70420801-70421048",111,0,77,0,FALSE,"Enh959"
"chr9:70479909-70480152",0,57,0,28,FALSE,"Enh960"
"chr9:70480758-70480943",0,21,0,9,FALSE,"Enh961"
"chr9:70484621-70484805",9,4,8,1,FALSE,"Enh962"
"chr9:73132349-73132588",27,17,13,6,FALSE,"Enh963"
"chr9:84271586-84271753",8,16,7,7,FALSE,"Enh964"
"chr9:85522546-85523127",8,64,7,39,FALSE,"Enh965"
"chr9:86405884-86406223",91,38,44,24,FALSE,"Enh966"
"chr9:87336964-87337135",0,41,0,11,FALSE,"Enh967"
"chr9:87713465-87713918",105,5,62,2,TRUE,"Enh968"
"chr9:87872164-87872401",0,64,0,45,FALSE,"Enh969"
"chr9:95092043-95092196",0,15,0,9,FALSE,"Enh970"
"chr9:95092392-95092770",23,61,13,41,TRUE,"Enh971"
"chr9:96137368-96137624",0,58,0,31,FALSE,"Enh972"
"chr9:96139603-96139825",0,55,0,32,FALSE,"Enh973"
"chr9:96218190-96218456",28,32,19,23,FALSE,"Enh974"
"chrX:12950188-12950435",0,86,0,53,TRUE,"Enh975"
"chrX:12970755-12970930",0,20,0,9,TRUE,"Enh976"
"chrX:16882757-16883145",0,82,0,50,FALSE,"Enh977"
"chrX:16883271-16883506",0,43,0,24,FALSE,"Enh978"
"chrX:18886364-18887081",98,69,67,51,FALSE,"Enh979"
